Var1,Var2,Var3,Var4,Var5
0,0,0.522441468439102,0.710425328586405,0.471540840816671
0,1,0.535964736552629,0.671772662099496,0.511334813627849
0,2,0.549056995692346,0.629765267923837,0.549483505483206
0,3,0.571235405025758,0.584262811595131,0.576478168738427
0,4,0.590009896477758,0.537076218431352,0.602857742468141
0,5,0.605272893719605,0.489901616289627,0.627408264597389
0,6,0.61700573959933,0.442824863177464,0.650545969054719
0,7,0.624719947532761,0.395284238477532,0.673405789970581
0,8,0.628178213061936,0.347934276806855,0.695940997252787
0,9,0.6287422381517,0.301153090698503,0.716930968731809
0,10,0.648367540616579,0.262089022760926,0.714792890579524
0,11,0.666443802531313,0.218998091671341,0.712665765918299
0,12,0.6822998912278,0.172005439964459,0.710549778026258
0,13,0.695238290526226,0.121446483906632,0.708445107917958
0,14,0.704597716904752,0.0678896321930905,0.706351934359423
0,15,0.709828161364847,0.0121300161312077,0.704270433883219
0,16,0.710564748534817,-0.0448531111354624,0.702200780803555
0,17,0.706683059028585,-0.101973660652615,0.700143147231412
0,18,0.698320783901427,-0.158138166525984,0.698097703089687
0,19,0.685859155630265,-0.212347048042139,0.696064616128366
0,20,0.669869222653425,-0.263776569294593,0.694044051939696
0,21,0.651037423418429,-0.311827207313587,0.692036173973371
0,22,0.63008819663217,-0.356134924811723,0.690041143551722
0,23,0.607718282489398,-0.396551556132807,0.688059119884902
0,24,0.589825042748778,-0.436051587645939,0.679680389490427
0,25,0.605954510637908,-0.491270957436489,0.625677215037442
0,26,0.620022838032431,-0.550405813342212,0.559128894761583
0,27,0.6269668854906,-0.611339156256612,0.482884003178476
0,28,0.625310096532484,-0.672072018047995,0.396618816663345
0,29,0.613845036429234,-0.730084483568137,0.300284728389971
0,30,0.591770026545384,-0.782368435254378,0.19418513640362
0,31,0.558819083401896,-0.825512919603925,0.0790547379533266
1,0,0.486038598435975,0.718662001279102,0.497284032267184
1,1,0.497741800313936,0.681239004510771,0.536811437055336
1,2,0.509224714835681,0.640605756188016,0.574729897377281
1,3,0.519928378074753,0.596949814225837,0.611003601436436
1,4,0.52923237153857,0.550552580363916,0.645604331746848
1,5,0.543329539027367,0.503842426094903,0.671517551287463
1,6,0.555112685942476,0.456509204403077,0.695305150420303
1,7,0.562659980981518,0.408653385322151,0.718621010315328
1,8,0.565746705222092,0.361215964092705,0.741251436973262
1,9,0.564226703800681,0.313366564710446,0.763838741384458
1,10,0.565548649507474,0.261462753424008,0.782171307075508
1,11,0.56271597631214,0.211079455796302,0.799247266710254
1,12,0.558191702995042,0.160141781437633,0.81411094609118
1,13,0.568471457283459,0.106171827542751,0.815823354219682
1,14,0.583695745865322,0.0630927114037085,0.809517501988965
1,15,0.596505110158067,0.0169032944312556,0.802431263219899
1,16,0.605895619223091,-0.0329174900133526,0.794862841915187
1,17,0.611519757318031,-0.0856544638973427,0.786579238998943
1,18,0.613679886556817,-0.140567106365596,0.776941365511977
1,19,0.609987395274983,-0.196099039852596,0.767763338649698
1,20,0.600717278272998,-0.2508261250852,0.759094860053093
1,21,0.586727640422056,-0.303612238754495,0.750713183874674
1,22,0.569264315496008,-0.353789712346478,0.742139460304233
1,23,0.549606678086578,-0.401134720769138,0.732818828358076
1,24,0.538898951734551,-0.451234745603514,0.711319284273619
1,25,0.554275582909187,-0.505593609639807,0.661175982686963
1,26,0.565173765517819,-0.563499597782166,0.60253366550737
1,27,0.570163572006865,-0.623647425103182,0.534768539013416
1,28,0.567934661908289,-0.684276451238205,0.457401309665775
1,29,0.557403598107629,-0.743156685772062,0.370161274593863
1,30,0.537827223747804,-0.797609948564321,0.273057223575849
1,31,0.508910475794627,-0.844572938358681,0.166453234930027
2,0,0.445822991154446,0.726380888353685,0.523079980110704
2,1,0.455685500743556,0.690069305867853,0.562276691239423
2,2,0.465638297293379,0.650712634900013,0.599795000708747
2,3,0.47517380883968,0.608458388782043,0.635600692662894
2,4,0.483717699114553,0.563527152936393,0.669667331939319
2,5,0.480543300758838,0.510965626021929,0.712735761078268
2,6,0.491568064419469,0.464326155011728,0.736723869448331
2,7,0.498566733294324,0.417415586205436,0.75973379603977
2,8,0.500170002636497,0.371366989853965,0.782250936279026
2,9,0.498394568059041,0.319844515801936,0.805792988453404
2,10,0.494363496972461,0.266514621663098,0.827390288377218
2,11,0.489158059445627,0.218655109180645,0.844342546664912
2,12,0.481672281710268,0.157633156638852,0.862057771242795
2,13,0.488399938898073,0.10921853297952,0.865757940615135
2,14,0.496094809815805,0.0605478629227255,0.866154660536622
2,15,0.496208424165928,0.00445495480681514,0.868192002476662
2,16,0.489246814550397,-0.0503196016468362,0.870692535940439
2,17,0.481797301370498,-0.102723780650034,0.87024087773505
2,18,0.487704921816165,-0.159682686568796,0.858280460482738
2,19,0.492899615572836,-0.209042634249307,0.844601175723939
2,20,0.493152718987756,-0.260502370075465,0.830023439994347
2,21,0.488084870721213,-0.312172369227274,0.815059243775621
2,22,0.479306458441531,-0.360313969247854,0.800274429468475
2,23,0.476501913852744,-0.409477412785639,0.777993685394073
2,24,0.480991836011271,-0.460863157342631,0.745823037921656
2,25,0.491546958016902,-0.514835298513984,0.70237184131224
2,26,0.505009289576935,-0.568509153222052,0.64943279878964
2,27,0.510060498045734,-0.625746457389829,0.59015223408661
2,28,0.507399067456295,-0.685713652656798,0.52186489909224
2,29,0.497815324288366,-0.744990718253169,0.444036859528909
2,30,0.480606832687702,-0.801236037763087,0.356423742424106
2,31,0.45544032680025,-0.851739987565755,0.259061966150127
3,0,0.401993717014063,0.732893181223586,0.548879437032568
3,1,0.41000975792373,0.697514217002937,0.587678411621614
3,2,0.418400675576555,0.659284575616215,0.6247277191158
3,3,0.426711683514737,0.618323391571609,0.659994941334705
3,4,0.430891106870693,0.571067776674124,0.698723442045723
3,5,0.419510397833578,0.511245069367866,0.750092997671995
3,6,0.427430193672533,0.464277718904003,0.775725227942444
3,7,0.432738526688526,0.418470780344741,0.798510847463645
3,8,0.433313132022901,0.372792981380684,0.820527344242594
3,9,0.432546672020945,0.318454143243624,0.843498864951562
3,10,0.423875888154514,0.263662930868419,0.866493560464875
3,11,0.421794509418995,0.210398594430372,0.881942074790467
3,12,0.419659751815188,0.156408998123463,0.894103974944989
3,13,0.424758639539417,0.104018644500095,0.899310969427698
3,14,0.435351777416951,0.0481766483788588,0.898970433579927
3,15,0.436938334537509,-0.0068432535596471,0.899465431071315
3,16,0.43198344344614,-0.0549574822303312,0.900205520831392
3,17,0.429383341050392,-0.101910322349735,0.897354017446278
3,18,0.435618398883438,-0.154203671263008,0.886824581483418
3,19,0.435993715563739,-0.210502366451983,0.874984704841771
3,20,0.433663001055338,-0.26125716361718,0.862369466049433
3,21,0.428106686253888,-0.309120229592161,0.849216903294797
3,22,0.422333041394645,-0.35762047404371,0.832911999367941
3,23,0.42666976056438,-0.41236478665183,0.804927448997439
3,24,0.426631366290699,-0.46574302005805,0.775286473868943
3,25,0.42504328106054,-0.518539319752195,0.741926669621885
3,26,0.43349163440431,-0.572485312670862,0.695949401664823
3,27,0.440042710263708,-0.627599203632691,0.642247345454524
3,28,0.441107062447976,-0.681162732010752,0.584330293565348
3,29,0.435971841121811,-0.733987761152733,0.520759560859766
3,30,0.420995644170401,-0.791481973436168,0.443078947045714
3,31,0.399290570295893,-0.845038255308573,0.3556365947675
4,0,0.354929338188764,0.737444933048397,0.574630433943531
4,1,0.361128798592959,0.702754511873011,0.612961733608984
4,2,0.367951574547035,0.665432066259335,0.649470402699145
4,3,0.374993274267912,0.625581021154034,0.684126033875123
4,4,0.376204055085055,0.572149200025343,0.728776921868359
4,5,0.36964921795672,0.520158011314912,0.769931879408108
4,6,0.374804903352101,0.467756446348953,0.800453116254926
4,7,0.374652630017174,0.416176775621321,0.82851209903939
4,8,0.370047125847245,0.365534101377079,0.854078418754768
4,9,0.371398555798582,0.31676745315587,0.872766574389666
4,10,0.367323723207139,0.269301093795009,0.890252887246122
4,11,0.372299789056317,0.208292084105219,0.904437546084707
4,12,0.369788321437166,0.155672221920005,0.915981853887495
4,13,0.371176446581185,0.108941140521523,0.922149593832386
4,14,0.379634485140166,0.0602262457680845,0.923174120636537
4,15,0.382712365907457,0.00977189180762684,0.923815866453925
4,16,0.378360917785332,-0.0481797828923258,0.924403442449826
4,17,0.373264878407893,-0.102616084308687,0.922032141407388
4,18,0.380178554167329,-0.148083440544483,0.912981687432857
4,19,0.383741439796466,-0.19822890447027,0.901913415365051
4,20,0.380416946954802,-0.250819372620534,0.890153126595548
4,21,0.372349505205947,-0.300986636303876,0.87793102846372
4,22,0.381524618688937,-0.352776350301906,0.854393242015601
4,23,0.385197675585668,-0.406742403716793,0.828361857971553
4,24,0.381816037794192,-0.46125163811122,0.800914127496114
4,25,0.371405942615117,-0.514909974816466,0.772609437959881
4,26,0.364303899149411,-0.566729453095332,0.738986059448216
4,27,0.369438720902605,-0.623328954551108,0.689185059266428
4,28,0.369150456201006,-0.677786010507961,0.635872679587896
4,29,0.36360167328238,-0.729310469908466,0.579568858435428
4,30,0.353270117670574,-0.777596009148877,0.520139087664788
4,31,0.341275443208591,-0.823493559908275,0.453199104867139
5,0,0.305216956538365,0.739262209241214,0.600278264998206
5,1,0.309689458269225,0.704954093514704,0.638069091457795
5,2,0.314990493539812,0.668247857182483,0.673962751456314
5,3,0.320890429327582,0.626282790960599,0.710492222415252
5,4,0.31920173247891,0.574331028613817,0.753826321876503
5,5,0.320321775022217,0.525207300137221,0.788385218233566
5,6,0.327139687021258,0.47221742745446,0.818529368064412
5,7,0.325648432832308,0.421868590530784,0.846156008379915
5,8,0.312040289309722,0.378513034995382,0.871411923366951
5,9,0.317416531092986,0.317661607609108,0.893497537120329
5,10,0.317793909099993,0.267566089190449,0.90962377896264
5,11,0.322652679319391,0.20864590663375,0.923234604081215
5,12,0.319130787206027,0.153499088723936,0.935197075710881
5,13,0.317259869858332,0.108092294628559,0.94215828331518
5,14,0.325802889390282,0.055151456073914,0.943827735425205
5,15,0.328429428326271,0.00155039906892628,0.94452723987824
5,16,0.323731963199195,-0.050897007569708,0.944778868637336
5,17,0.319675398431914,-0.0973035970998003,0.942517718469439
5,18,0.319330585195522,-0.143999791608433,0.936638690945134
5,19,0.32492295007331,-0.193632993889079,0.925705860515752
5,20,0.322242221892823,-0.245620582317118,0.914237649614025
5,21,0.317131015709124,-0.310295450509599,0.896183380937375
5,22,0.330110909697081,-0.357546626404364,0.873605859209875
5,23,0.331256726838797,-0.411256392681241,0.849197951247446
5,24,0.327193033095671,-0.463740588179877,0.82334038281153
5,25,0.317064056255448,-0.515156353109851,0.796294114056735
5,26,0.307578138880231,-0.563381078577597,0.766809916983157
5,27,0.311586772323714,-0.613379784524648,0.725726479639117
5,28,0.311466433647026,-0.663883432482046,0.679887820737406
5,29,0.30662321729077,-0.711094057967841,0.632714345768362
5,30,0.297704682235092,-0.757963717551325,0.580398936121594
5,31,0.290745940779,-0.833443562149108,0.469934704648145
6,0,0.253661829159685,0.737613201918702,0.625765483853658
6,1,0.256579741242235,0.703332843439052,0.662940229375172
6,2,0.260485918449388,0.66689208630533,0.698141841972606
6,3,0.265160598053614,0.62058397031845,0.737946741319209
6,4,0.263784166102308,0.574536827379765,0.77480665181586
6,5,0.27101824335577,0.524854540702676,0.80689331566951
6,6,0.276546674253699,0.473396870409779,0.836311748121145
6,7,0.268939541496027,0.427252222244728,0.863207426756077
6,8,0.257971487845635,0.381467132995943,0.887656204790213
6,9,0.260571231496698,0.324092351178778,0.909432120184737
6,10,0.262502218425368,0.266065616965209,0.927524486356389
6,11,0.263962583246707,0.213189222450945,0.940677473992275
6,12,0.262479273281498,0.163787123077446,0.950935544299207
6,13,0.263596742631746,0.109965330935244,0.958344605695798
6,14,0.264691019054796,0.0621290377263338,0.962329801628804
6,15,0.271467666690824,0.00760457702409077,0.962417516647387
6,16,0.26674718940135,-0.0479778215880855,0.962571589847811
6,17,0.268512873609721,-0.101778168326064,0.957884148087879
6,18,0.263329222137811,-0.155817291152338,0.952039228470257
6,19,0.265983661901877,-0.194926558860637,0.944063731033037
6,20,0.267911666328688,-0.246587020301551,0.931352876445758
6,21,0.262164327443716,-0.314269311380541,0.912416936131933
6,22,0.268747592258006,-0.365101108141793,0.89133378287214
6,23,0.274929117860289,-0.41309734749043,0.868196153901256
6,24,0.269671189409443,-0.464750047554906,0.843377046699879
6,25,0.258439637803638,-0.516125883221494,0.816592325631803
6,26,0.258699369664334,-0.562158694106622,0.785526726964534
6,27,0.260516005029293,-0.610525113716854,0.747924124924848
6,28,0.258859279326137,-0.66428261914589,0.701227834164781
6,29,0.251728169395359,-0.716015655570203,0.65111789232921
6,30,0.250267204738363,-0.773964507802551,0.581674536914244
6,31,0.238895233231654,-0.840076286145636,0.487032751460258
7,0,0.201223248359174,0.746653726789171,0.634048433947774
7,1,0.203588848001648,0.703507081814927,0.680903346155391
7,2,0.205836033759189,0.659827449866276,0.722675074711487
7,3,0.207647792274588,0.615628287191612,0.76018695488216
7,4,0.210861587428993,0.570166814789067,0.794007049250959
7,5,0.220248947238334,0.520399507537603,0.825030153264125
7,6,0.218829939169872,0.472850377740088,0.853537332513327
7,7,0.214010120216222,0.424986293196883,0.879537559766387
7,8,0.205645559221143,0.376895964857096,0.90313860267794
7,9,0.205505758638527,0.322562753051119,0.923970050115525
7,10,0.210228491215878,0.264376698583949,0.941227359742027
7,11,0.204879478706146,0.209041577012479,0.956203962701072
7,12,0.21058100259046,0.158083256188669,0.964709969607853
7,13,0.213888646696787,0.105029708495739,0.971195349632357
7,14,0.206940195180129,0.0577303807779965,0.97664884106522
7,15,0.214120110748028,0.00691162720566801,0.97678288661433
7,16,0.21396407755216,-0.0456589607797561,0.975773863565614
7,17,0.214809460830176,-0.103803372198925,0.971123965031231
7,18,0.209840978885786,-0.155083372223904,0.965357918722334
7,19,0.212832235883407,-0.201239719642961,0.95614068766416
7,20,0.215541423565425,-0.251912570678693,0.943441546393544
7,21,0.209293429675507,-0.310544073448281,0.927231707148117
7,22,0.209703798106979,-0.363847319195379,0.907545836513971
7,23,0.213361558934268,-0.413463293027246,0.885169447330964
7,24,0.212144873863004,-0.461802376361477,0.861239291765385
7,25,0.20909746943192,-0.510067277738372,0.834331840731093
7,26,0.212021784273502,-0.560701337134088,0.800412876913863
7,27,0.212079765734315,-0.611466282484529,0.762319590690563
7,28,0.206871159875334,-0.6656517099891,0.717016125481444
7,29,0.197364424981694,-0.720684862907961,0.664575512734993
7,30,0.200570342497284,-0.77991282431838,0.592880699782216
7,31,0.186300101027468,-0.84275963636909,0.505023234776573
8,0,0.15816816126508,0.760572470661769,0.62969226581996
8,1,0.159612326717449,0.71711908242376,0.678427687217693
8,2,0.154482916437652,0.667413007096686,0.7284880963249
8,3,0.158473223334803,0.616646459990057,0.771124750521995
8,4,0.159997881059772,0.564761668660972,0.809595538320004
8,5,0.163291694580486,0.517230900058602,0.840123811414486
8,6,0.165924794032154,0.46798934222874,0.868017821410193
8,7,0.163181307992154,0.416801632673089,0.894230540589515
8,8,0.156884389978903,0.365218212859238,0.917607184571291
8,9,0.153919949875875,0.312059816509044,0.937511237239613
8,10,0.160034406377151,0.260602554275259,0.952089962913549
8,11,0.153232112756869,0.213615434122594,0.964825562433273
8,12,0.154611175686278,0.161854208247487,0.974627415798204
8,13,0.154532800021166,0.112808534624133,0.981526285044661
8,14,0.157661204127284,0.0627240622407932,0.98549918149593
8,15,0.159347803140951,0.00391546842188783,0.987214741959008
8,16,0.156562795742209,-0.0387303225349478,0.986908330649672
8,17,0.165105242311863,-0.0867835187265996,0.982450446505355
8,18,0.162340980987634,-0.140454689561716,0.976687199707304
8,19,0.163256388309406,-0.202545751278081,0.965568521812598
8,20,0.159017074904172,-0.255536304647071,0.953632406588744
8,21,0.158802731317667,-0.300394851663982,0.940502326217125
8,22,0.155396263730125,-0.353694398539161,0.922362333175384
8,23,0.158570023009943,-0.406321707193972,0.899865666677867
8,24,0.158479722439394,-0.458563899993723,0.874415992075899
8,25,0.162313092744695,-0.510757367013409,0.844263804722897
8,26,0.166622046773248,-0.560970238517124,0.810894250212156
8,27,0.163465265667102,-0.611050548166009,0.774529750562497
8,28,0.155873881139332,-0.66338413384068,0.73186393827474
8,29,0.150661020242647,-0.720582987069589,0.6768023461287
8,30,0.150122239757317,-0.780626962439333,0.606699974157727
8,31,0.134445455063587,-0.841019782583149,0.52403258001439
9,0,0.11238823005945,0.771843330707689,0.625800893724326
9,1,0.112727111402097,0.72785501852017,0.676402003523011
9,2,0.10290894001487,0.673865923155301,0.73165187601418
9,3,0.111000053237352,0.620693270721418,0.776156460942286
9,4,0.105725022031435,0.572465696767984,0.813083787650694
9,5,0.10489502034876,0.521824728130015,0.846578990891027
9,6,0.109582680273317,0.469068011942049,0.876337170475411
9,7,0.110361527993397,0.414388917308327,0.903383727078917
9,8,0.106604729233063,0.356378698300416,0.928240084839502
9,9,0.102952935922873,0.303753232698396,0.947171930860567
9,10,0.103749714582878,0.258424426987242,0.960444070344696
9,11,0.10096196057436,0.213212360378577,0.971775268206995
9,12,0.107244434546212,0.159481739554706,0.981358347397865
9,13,0.101577450770021,0.108007046908543,0.988947167099011
9,14,0.107704227776638,0.0590286160151065,0.992429051272875
9,15,0.108291141116608,0.0134711268111952,0.994027946034768
9,16,0.104865346955754,-0.0485534414509333,0.993300469309826
9,17,0.1138978361648,-0.095419699655997,0.988899572168244
9,18,0.120370511355037,-0.148057139663092,0.981626213683656
9,19,0.119224286720996,-0.201214103016246,0.972264600920571
9,20,0.110449436431986,-0.248405528652542,0.962338617809089
9,21,0.107798630219878,-0.298836497594689,0.948196289292495
9,22,0.107729189569126,-0.352777733839453,0.929484960729263
9,23,0.108358228308991,-0.407489757507496,0.906758287463764
9,24,0.108216717953411,-0.460958494431753,0.880798733177225
9,25,0.115034824420131,-0.512774890955033,0.850781346984455
9,26,0.115398087780552,-0.563172128264712,0.818242283973633
9,27,0.113253109603734,-0.610232613815302,0.784085384509384
9,28,0.106996099758147,-0.657394429706709,0.745911789977297
9,29,0.104666479306935,-0.717411365356679,0.688742231147877
9,30,0.100063747852746,-0.777273615819403,0.621154548012564
9,31,0.0836398949749905,-0.835631651657606,0.542884988479654
10,0,0.0642910354858617,0.780070168236444,0.62238026590158
10,1,0.0634180024112102,0.735243438410143,0.674829788350368
10,2,0.0508267644294831,0.675377942643063,0.735718203260497
10,3,0.0632005550963844,0.621654121726354,0.780738011612182
10,4,0.0501471935162975,0.574905468789409,0.816681676627111
10,5,0.0472102357445637,0.525291066145566,0.849611964056885
10,6,0.0576475052612532,0.472038224401606,0.879691241198258
10,7,0.0643415510637057,0.416512762521926,0.906850199020252
10,8,0.0629017812858169,0.361055191123301,0.930420611806288
10,9,0.0494792503574851,0.310828210918241,0.949177342271415
10,10,0.0556003481566627,0.258412806161684,0.964433213289807
10,11,0.055962474655604,0.20484221921107,0.97719387362954
10,12,0.0514923451286187,0.160738432960888,0.985652928044367
10,13,0.0455686091555882,0.113728718006116,0.99246626167357
10,14,0.0482261797069582,0.0622040963186741,0.996897630648227
10,15,0.0537832211882477,0.0174501400467264,0.998400149104038
10,16,0.0556472784034645,-0.0446547960133721,0.997451417162406
10,17,0.0811387776921838,-0.0958155023930961,0.992086633442754
10,18,0.0813327942102636,-0.152693782182445,0.984921106215503
10,19,0.0652246497024533,-0.207189330333989,0.976124134763067
10,20,0.0570672300422016,-0.255856503006761,0.965028901704225
10,21,0.0654424271783117,-0.30475373598425,0.950180219289295
10,22,0.0567803322319896,-0.358428885382497,0.931828700993421
10,23,0.0502900959896462,-0.41296137344831,0.909359010669074
10,24,0.0565336369953359,-0.465684394664159,0.88314324571632
10,25,0.0667280420480537,-0.515685015068277,0.854175821267767
10,26,0.0630188568940369,-0.565132956191893,0.822589427054336
10,27,0.0569322918776577,-0.612525717527198,0.788397716580501
10,28,0.058061182613338,-0.659027516679195,0.749874410373626
10,29,0.0598521516758655,-0.713048695079772,0.698555136252539
10,30,0.0511737870582275,-0.770535517210748,0.635339484240421
10,31,0.0344089594295476,-0.826774798042818,0.561479702956602
11,0,0.0143982513677107,0.784915472969226,0.619435541966272
11,1,0.0123160973439354,0.738889786783073,0.673713735004623
11,2,-0.000575408664831693,0.671016202886572,0.741442461940612
11,3,0.00373197287849822,0.619155646523101,0.785259420673827
11,4,-0.0051998843969664,0.572105834007686,0.82016332269654
11,5,-0.008552597651098,0.522925177027435,0.852335680529828
11,6,0.00557841224044397,0.471451432594966,0.881874383356853
11,7,0.0183082599284946,0.4176466853986,0.908425040272423
11,8,0.00639128422163745,0.364524431243873,0.931171890959091
11,9,-0.00269677607666454,0.314149396587617,0.949369729885269
11,10,0.00637755229234863,0.263320327975005,0.964687375112733
11,11,0.00289068591675239,0.209190363180789,0.977870664191958
11,12,-0.00399298351690377,0.15490905339442,0.987920665468173
11,13,0.00321668680655872,0.107617751252497,0.994187141609337
11,14,-0.00499375092090201,0.0602627775089211,0.998170055701257
11,15,5.47259635766232e-05,-0.00114793973789889,0.999999339619495
11,16,0.0102116840434265,-0.0629038373292238,0.997967348543155
11,17,0.04111636515359,-0.108470066104122,0.993249057022419
11,18,0.0460832554647941,-0.155099833311252,0.986823375925291
11,19,0.015558964669588,-0.203771441550801,0.978894845336678
11,20,0.00883942078745477,-0.253841019676948,0.967205563140282
11,21,0.0145749271900367,-0.304914602643632,0.952268164222705
11,22,0.00609982567931763,-0.355931456205696,0.934492156526728
11,23,0.00159630978325624,-0.410443328875159,0.911884710682745
11,24,0.00473332273406764,-0.464846968437856,0.885378388933246
11,25,0.00928886712657444,-0.516229889253299,0.856399683786158
11,26,0.010754919914903,-0.564995485119816,0.825023898739817
11,27,0.000672364537997288,-0.612691746643973,0.79032168863083
11,28,0.00537350516669384,-0.660254252782841,0.75102293382053
11,29,0.00910276022926341,-0.708955514959852,0.7051944537248
11,30,0.00403625586179742,-0.761174825352604,0.648534188680945
11,31,-0.0127225025824403,-0.81465456117118,0.579806936739318
12,0,-0.0366703327203062,0.786130989848045,0.616971112369709
12,1,-0.0398247773982801,0.738518754030974,0.673055745870813
12,2,-0.0490284973829928,0.658868696211982,0.750658542611945
12,3,-0.0541668731127964,0.612014932578318,0.788989019035335
12,4,-0.058866691595553,0.564484668308111,0.82334183172342
12,5,-0.0586374154230531,0.515490784509052,0.854886486382108
12,6,-0.0452996484568708,0.465671558004881,0.883797455254874
12,7,-0.0440775711718669,0.412142735261403,0.910052489415219
12,8,-0.0488844008984315,0.360053304443028,0.931650113137147
12,9,-0.0500681437956191,0.310026851237119,0.949408517177331
12,10,-0.0474169348185743,0.25906617339091,0.964694952872151
12,11,-0.0495230044705873,0.207814166705809,0.976913887783655
12,12,-0.0452522008216465,0.153541672088211,0.987105462072394
12,13,-0.0546215973369084,0.10196241554397,0.993287544933894
12,14,-0.0472157680113325,0.0531475694620137,0.997469802606265
12,15,-0.0564532090813321,-0.00804450132312618,0.998372836761338
12,16,-0.0548922043917697,-0.0485708532978918,0.997310241653482
12,17,-0.0347642568545605,-0.111495861999695,0.993156643839377
12,18,-0.038788163099645,-0.152390794792879,0.987558871189839
12,19,-0.0418224168426835,-0.194916311224874,0.979927812171858
12,20,-0.0379724038013968,-0.251151545018528,0.967202666448118
12,21,-0.0379654821685054,-0.299604456221247,0.953307815962968
12,22,-0.0404265904172261,-0.347305458835562,0.936880253314295
12,23,-0.0436163255923054,-0.404815010373064,0.913357774105242
12,24,-0.0455264897030807,-0.459290969690835,0.88711844975503
12,25,-0.0466951376444087,-0.511360436385593,0.858096770894697
12,26,-0.0467276875476825,-0.5601763049178,0.827054430267492
12,27,-0.048862796136631,-0.608455722872779,0.792082104618627
12,28,-0.0469720829414433,-0.657292884208557,0.752169985969221
12,29,-0.0457332057703303,-0.704716015323234,0.708013991130762
12,30,-0.0472684583383282,-0.75153693895425,0.657995381620261
12,31,-0.0573021838163224,-0.7995520371425,0.597857006006586
13,0,-0.0882248645621071,0.783583381938654,0.614990615231305
13,1,-0.0921695699920412,0.734008385647507,0.672856938855967
13,2,-0.0950171255704744,0.66290484413411,0.7426499265952
13,3,-0.100151824757062,0.608460448467441,0.787239159753014
13,4,-0.105449046835351,0.556258238807232,0.824291981206048
13,5,-0.10473826520135,0.506037365389027,0.856128542120133
13,6,-0.101554621081757,0.458188542368781,0.883034494557779
13,7,-0.102951747788807,0.404247288342053,0.908837206267067
13,8,-0.0998181185324978,0.351676016502326,0.93078478856806
13,9,-0.0939901734208636,0.303934553950979,0.948045164649309
13,10,-0.101631826720462,0.258417371453893,0.960672386367133
13,11,-0.104710476389522,0.207372831255198,0.972641879106325
13,12,-0.0929944988819254,0.159027330894494,0.982884698836172
13,13,-0.0994149437448315,0.106443740744916,0.989336342714873
13,14,-0.0934415647948534,0.0617606037039489,0.993707352191184
13,15,-0.103778314257063,0.000748184700862772,0.994600171782418
13,16,-0.101356889922557,-0.0505235465634147,0.993566380322866
13,17,-0.0955357127934239,-0.0981148288416094,0.990578824699193
13,18,-0.0955977149230704,-0.1443223429654,0.984902095754936
13,19,-0.0946230261951562,-0.197035028935884,0.975819491650944
13,20,-0.093156166720112,-0.250234683820449,0.963693172962896
13,21,-0.0854178551990811,-0.299959164216097,0.950120144937454
13,22,-0.095034028539596,-0.346845751573296,0.933095149507857
13,23,-0.102513488631376,-0.402406222229488,0.909703367565283
13,24,-0.0972149124333997,-0.459183937946702,0.88300587310183
13,25,-0.102312596676863,-0.509369073046039,0.85444442767535
13,26,-0.103496067901165,-0.557777878450808,0.82351223563461
13,27,-0.0979363016545961,-0.605554272559435,0.789754711162418
13,28,-0.0984056665741927,-0.652951400719015,0.750979888602328
13,29,-0.101977078024044,-0.70066941437716,0.706160780073522
13,30,-0.105576807272663,-0.749287701183893,0.653774791974017
13,31,-0.102897892771709,-0.794685605398435,0.598236418346179
14,0,-0.140495014842126,0.778242005417145,0.612046184375666
14,1,-0.143642667211871,0.724974793226958,0.673630709915893
14,2,-0.143461325483457,0.666999103464816,0.731116299960315
14,3,-0.144770068206243,0.610259456641204,0.778861363100996
14,4,-0.150319950685917,0.560613618026766,0.814319521876224
14,5,-0.142821473166823,0.515174526491779,0.845101907497805
14,6,-0.150624947862274,0.463410046545967,0.873248678121961
14,7,-0.152789256117878,0.410079261396992,0.899160965893784
14,8,-0.148150665437839,0.354286300174297,0.923326918181818
14,9,-0.14786641001694,0.298483771181654,0.942890748247049
14,10,-0.156384543599203,0.251208562005372,0.955216275457272
14,11,-0.15192140222912,0.202598417655293,0.967405689826305
14,12,-0.145234499883523,0.155289800096565,0.977134595656889
14,13,-0.149910566818527,0.0998142251859473,0.983648281860278
14,14,-0.141232365450124,0.0547637824474534,0.988460594602238
14,15,-0.145883077768063,-0.00186446826517388,0.989300081562215
14,16,-0.150513749394434,-0.048123173643168,0.987435958126773
14,17,-0.142197885513328,-0.104137083885078,0.98434507623874
14,18,-0.14625176603256,-0.14736216604621,0.978210004523838
14,19,-0.15047783614162,-0.192615694190352,0.969667785987399
14,20,-0.148906415834645,-0.240066944089173,0.959267815408693
14,21,-0.145893307127809,-0.289842474986751,0.945889254949471
14,22,-0.142983141602377,-0.343064766704172,0.928365438318191
14,23,-0.147831259433909,-0.399609239531778,0.904686893027095
14,24,-0.147442000146212,-0.454439054741203,0.878490752437842
14,25,-0.153954256407755,-0.506007495122027,0.848678090806089
14,26,-0.155071990735523,-0.555901153793938,0.816655732178432
14,27,-0.153040058412348,-0.602442364299142,0.783353009963455
14,28,-0.149482067319352,-0.648022690229477,0.74680767570887
14,29,-0.151801447736837,-0.704693662658503,0.693082363268569
14,30,-0.151285317143436,-0.756279210677232,0.636517484688546
14,31,-0.151297189406631,-0.799914020917182,0.58072947197276
15,0,-0.190828719271552,0.780799787942383,0.594925281905476
15,1,-0.192374784563149,0.731154472387292,0.654526607383033
15,2,-0.200138077502891,0.668289956510344,0.716472807551584
15,3,-0.195864345054717,0.611795476015083,0.766383359594769
15,4,-0.196819175218058,0.562909074748313,0.802742540191113
15,5,-0.196767362669061,0.516449350836118,0.833404267453206
15,6,-0.203367931087862,0.464907593784726,0.861685797635274
15,7,-0.204486867372615,0.412864345536385,0.887540507952706
15,8,-0.196965097888497,0.361901141514525,0.911170847856898
15,9,-0.193507062118415,0.307116959718419,0.931790850976556
15,10,-0.196250630533099,0.25534924997069,0.946721949969877
15,11,-0.201927026237975,0.20453069312666,0.957806176448981
15,12,-0.200332529929326,0.1567449077933,0.967108014305013
15,13,-0.198198988272514,0.10179587077311,0.97486140642724
15,14,-0.195404490440261,0.0586085458899294,0.978969929806044
15,15,-0.198663889396788,-0.00152578451211321,0.980066493168379
15,16,-0.19759907385755,-0.050336957983382,0.978989681596092
15,17,-0.18841143022254,-0.0983127454185277,0.977156966433627
15,18,-0.198247976237967,-0.141661277649255,0.969860723162007
15,19,-0.203178609345109,-0.191758842668412,0.960180711617901
15,20,-0.201772314247725,-0.242296175897539,0.948989197171678
15,21,-0.1928070099003,-0.294091299013421,0.936128070713567
15,22,-0.189235981157819,-0.3462389891815,0.918862506475159
15,23,-0.197610153800697,-0.39972918814517,0.895079216192437
15,24,-0.195835290519795,-0.455584520703102,0.86838429481581
15,25,-0.199120880321486,-0.507549404051942,0.83829856105478
15,26,-0.202993157386745,-0.556725776501188,0.805512375965329
15,27,-0.203702417106054,-0.603959659869828,0.770543999077972
15,28,-0.193766233098784,-0.65765761769958,0.72797053840964
15,29,-0.197066459570899,-0.710638378055687,0.675394629936138
15,30,-0.199120050412842,-0.760494490736273,0.618060947709338
15,31,-0.200018462744212,-0.802106440309689,0.562688077868336
16,0,-0.238172093780611,0.780296546896395,0.578283107695289
16,1,-0.241528776509568,0.732811139041665,0.636122381790051
16,2,-0.250199547812031,0.670841404233457,0.698120331061013
16,3,-0.247562437085587,0.607084033563474,0.755090601144358
16,4,-0.245652422781779,0.560694090244515,0.790744601212248
16,5,-0.25454743280672,0.511888776839756,0.820472720202815
16,6,-0.258765126567689,0.46129779065351,0.848672467805218
16,7,-0.258122501991883,0.409912714405525,0.874839608462114
16,8,-0.248621897253556,0.361380014447959,0.898661024727141
16,9,-0.243723955818856,0.308318614966492,0.919531546508956
16,10,-0.243649102637381,0.261006466982622,0.93408283303851
16,11,-0.253308678463681,0.204646573554286,0.945491667518796
16,12,-0.254446506367048,0.146685403100968,0.955897676487766
16,13,-0.247242740330921,0.0967772580391039,0.964108494766066
16,14,-0.248683709474011,0.0534459868188536,0.967109062689004
16,15,-0.247358762018807,-0.000641369038254003,0.96892374906299
16,16,-0.247365793283229,-0.0547727837262857,0.967372785681007
16,17,-0.245073055061554,-0.0936764744213692,0.964968349648204
16,18,-0.244962148548421,-0.137629271718831,0.959714399883989
16,19,-0.256988747667866,-0.187051562053945,0.948139492218988
16,20,-0.258061579960417,-0.240153147267933,0.935804833715684
16,21,-0.249066302447879,-0.29483856658133,0.922516231099057
16,22,-0.237416597701085,-0.346543755899481,0.907491478958961
16,23,-0.243663931506347,-0.399959932240894,0.883549625705727
16,24,-0.245498308860626,-0.455364309250387,0.855788482165711
16,25,-0.245879189289635,-0.508335645495937,0.825311029729096
16,26,-0.252629376030461,-0.555963981663548,0.7918853764651
16,27,-0.254980987243641,-0.604411467716661,0.754765840401412
16,28,-0.242047481495469,-0.661733147655895,0.709593022792025
16,29,-0.244001034306356,-0.713381817618977,0.656924560012848
16,30,-0.248457477668226,-0.761070367979583,0.599200114130634
16,31,-0.248517010075853,-0.801364252010928,0.544109025198006
17,0,-0.284794542943079,0.776064907971896,0.562685815464026
17,1,-0.290314357170324,0.730125671404082,0.618574229965588
17,2,-0.296235367997679,0.673001001034922,0.67772727505485
17,3,-0.297743312090757,0.601850624373823,0.74102951766179
17,4,-0.307395839745036,0.550492407176378,0.776186773495015
17,5,-0.314265422627872,0.50269180121682,0.805318692897361
17,6,-0.315734309018928,0.452790140466921,0.833842272138014
17,7,-0.311865978066731,0.402143981320908,0.860825086769577
17,8,-0.301526449258722,0.35335168544972,0.885564445304388
17,9,-0.296877182100461,0.303790307373913,0.905304030640399
17,10,-0.299059376022229,0.25915591790989,0.918369043372803
17,11,-0.297076620090827,0.213073205205453,0.930776713835754
17,12,-0.29646771353188,0.148284691068167,0.943460939958829
17,13,-0.297227446578782,0.0942419806924062,0.950144354335398
17,14,-0.301161275755549,0.0433446609590107,0.952587595106948
17,15,-0.296675037185554,5.99430020016653e-05,0.954978491233068
17,16,-0.299994721970417,-0.0427743734145169,0.952981384796622
17,17,-0.295796035913825,-0.093070408437811,0.950706371184545
17,18,-0.291527015530711,-0.142090743311228,0.945950432042303
17,19,-0.301018324799952,-0.192950415292014,0.933894054683544
17,20,-0.302133202132949,-0.24748997433907,0.920578210023753
17,21,-0.295073304665706,-0.304218717504589,0.905749809160081
17,22,-0.29391789145381,-0.353885123173097,0.887906297240935
17,23,-0.296782129117449,-0.401367312643406,0.866501383829203
17,24,-0.296246153742702,-0.44971290359677,0.842612912748919
17,25,-0.297910766683903,-0.502593953636649,0.811571619058781
17,26,-0.303599565881198,-0.551210796772621,0.777170483946759
17,27,-0.30141513242581,-0.603426173892806,0.738258606862
17,28,-0.291385042680595,-0.660851031562296,0.691643456547575
17,29,-0.291852762850045,-0.712202124925377,0.638427833093587
17,30,-0.298211555199195,-0.757611371930572,0.580598723273788
17,31,-0.296290149017626,-0.797870801425856,0.52498983973709
18,0,-0.33002693085492,0.768485675615049,0.548189740222273
18,1,-0.337922489869105,0.723502519010051,0.601957220927513
18,2,-0.343727524943011,0.671768958383497,0.656184314921428
18,3,-0.344116065542327,0.605641975722934,0.717483052537194
18,4,-0.352815680668645,0.550800562061996,0.756399257209121
18,5,-0.361844801536156,0.499085360444485,0.787389447853639
18,6,-0.36485534644916,0.446491910997726,0.817022367858471
18,7,-0.361699531194458,0.393973751334301,0.844960432442424
18,8,-0.352180694322024,0.342224340979604,0.87112069140156
18,9,-0.355875988491259,0.294871797250496,0.886793608457814
18,10,-0.358171940568544,0.249048030705094,0.899826616294094
18,11,-0.353938548934963,0.203841993643502,0.912784720076566
18,12,-0.346104181350864,0.150218893316058,0.926091885150899
18,13,-0.349919232637743,0.102892299246351,0.931112079927015
18,14,-0.353375215159124,0.0506871724469274,0.934107471258301
18,15,-0.351286235593395,-9.04409851941806e-05,0.936268109305796
18,16,-0.351631284146556,-0.050307322893584,0.934785864929891
18,17,-0.346772190768822,-0.102039733318599,0.932382400377474
18,18,-0.341275058192361,-0.143822191530122,0.928895318041421
18,19,-0.347599748217448,-0.191505478109856,0.917878023973274
18,20,-0.349343996147232,-0.24764295468646,0.903676789206208
18,21,-0.34472331025737,-0.306596511165018,0.887222868678801
18,22,-0.353276890975026,-0.352207098132048,0.866686562909811
18,23,-0.349450673120682,-0.406585066833934,0.8441402789129
18,24,-0.345131396508524,-0.456087599035897,0.820285572925519
18,25,-0.344729648547346,-0.499363676326973,0.794856835019762
18,26,-0.353149296764018,-0.542174966264441,0.762451231326458
18,27,-0.348184075739783,-0.598572357311205,0.721442293232203
18,28,-0.341106601692197,-0.655450760516503,0.673817918150251
18,29,-0.339979224016207,-0.707123656530375,0.619992146411912
18,30,-0.346370603630445,-0.75081721892722,0.562406355496696
18,31,-0.342896598431815,-0.791874169147318,0.505328826627906
19,0,-0.37330387418458,0.758014155717238,0.534844610378628
19,1,-0.383661557733986,0.713449987122204,0.586338575391777
19,2,-0.391587361038213,0.666074867388644,0.634825653001143
19,3,-0.391356412780017,0.603758967653905,0.694489213129655
19,4,-0.398411545265461,0.551184344230122,0.733119403149854
19,5,-0.405919553589094,0.498554082820576,0.765945913571556
19,6,-0.410053686239198,0.448541327393621,0.794145233582381
19,7,-0.409292173863381,0.399911284723212,0.820091995306147
19,8,-0.40520982243407,0.353196594100968,0.843242056421776
19,9,-0.403044999853626,0.305862980464418,0.862555833134536
19,10,-0.405726797187165,0.252324947585829,0.878474750274619
19,11,-0.404646614044352,0.20151534991718,0.89199365552127
19,12,-0.401285693075886,0.154980821403013,0.902746219892309
19,13,-0.404426194654887,0.104994897993305,0.908523816128307
19,14,-0.405629458847646,0.0514295677297277,0.912589580084114
19,15,-0.402875187341247,-0.000288369587372097,0.915254882678992
19,16,-0.404048619454471,-0.0583897083823819,0.912872036526455
19,17,-0.402147045990061,-0.107837581828189,0.909202292862769
19,18,-0.399224553726015,-0.149543999064787,0.904575230727647
19,19,-0.394759821298575,-0.192229291632753,0.898450100409971
19,20,-0.395109042637596,-0.244999288648974,0.885361052332606
19,21,-0.398588210993833,-0.30061762670563,0.866462047968987
19,22,-0.401760717619169,-0.355856407964406,0.84377398791904
19,23,-0.396821801445141,-0.41241864070191,0.820026415854649
19,24,-0.397095128007157,-0.458285209968915,0.795166728200273
19,25,-0.396689025119999,-0.501182961274035,0.769060112525629
19,26,-0.39338457322888,-0.544045402699807,0.741122916490062
19,27,-0.39476313455548,-0.590456921975242,0.703933726204005
19,28,-0.390410598056874,-0.645690669258535,0.656249285376631
19,29,-0.387805925511382,-0.698395732158177,0.601539662400996
19,30,-0.392913949580866,-0.741646473495307,0.543671901588394
19,31,-0.387968577650088,-0.783667025480714,0.48512511368757
20,0,-0.414179128663624,0.7451487118108,0.522694027769733
20,1,-0.426981532869787,0.700540137836533,0.571778178901694
20,2,-0.43724515155987,0.653682018619414,0.617670216192293
20,3,-0.438615604548552,0.596910818304792,0.671798947928034
20,4,-0.445421500194932,0.546884797895728,0.708884126634702
20,5,-0.454716888434339,0.50063007479242,0.736615286011585
20,6,-0.46107028596959,0.453061003500126,0.762987495640249
20,7,-0.463053118327065,0.405539377345779,0.788111428054167
20,8,-0.460645279330456,0.358781397077373,0.811838552756504
20,9,-0.454381097872726,0.313461789810667,0.833834230662587
20,10,-0.452636791848483,0.258347033886567,0.853449907579306
20,11,-0.449225680182072,0.203957921085331,0.869826106007117
20,12,-0.450785666964308,0.155136787885542,0.879047700357665
20,13,-0.452834603795868,0.108177046339791,0.885007654345564
20,14,-0.453195595655099,0.0530575577897094,0.889830684816056
20,15,-0.451263284018525,-0.00133755225546846,0.892389858442362
20,16,-0.455081102233627,-0.0561696767872871,0.88867663286453
20,17,-0.457335051653023,-0.101986271071566,0.883427105675643
20,18,-0.455241125385262,-0.151520994200345,0.877380707603318
20,19,-0.448925486732452,-0.199105862817576,0.871104335170994
20,20,-0.443232827500319,-0.245054582616099,0.862260350569897
20,21,-0.447340061612043,-0.301149516307383,0.842137659830483
20,22,-0.450403946302337,-0.356048767398734,0.818758548284611
20,23,-0.447016552334515,-0.412164173670504,0.793912398115482
20,24,-0.451670717758675,-0.455840830779188,0.76694373960148
20,25,-0.453907206495394,-0.500695854275406,0.737069813113364
20,26,-0.453552961356334,-0.54642550146861,0.704065964657913
20,27,-0.450226137882209,-0.592254931272961,0.668229392611946
20,28,-0.44335041308465,-0.636669563912671,0.630945542503408
20,29,-0.43762714139638,-0.684760232609301,0.582740001158397
20,30,-0.437523162700105,-0.730469324040572,0.524393028878729
20,31,-0.431216551305414,-0.773566230737887,0.46437869518556
21,0,-0.452329122795884,0.730399735717021,0.511775918479184
21,1,-0.467481871213065,0.685368031656273,0.558329079728737
21,2,-0.479865216557822,0.638274668547735,0.601942539972208
21,3,-0.487663828476709,0.588365361785301,0.644988520399154
21,4,-0.500798525402475,0.544024031116962,0.673230042795148
21,5,-0.51027569775099,0.49850256144109,0.700795197273364
21,6,-0.515716235690117,0.452256845620801,0.727667856810192
21,7,-0.517867867808105,0.404930516801292,0.753554343133211
21,8,-0.516074200385147,0.357421863371358,0.778406726127785
21,9,-0.509440216779294,0.311212445251948,0.802257738789829
21,10,-0.503112492358321,0.25781874452746,0.824868059148421
21,11,-0.494117522105105,0.202936342099739,0.845378445078823
21,12,-0.505166363623896,0.151316509358943,0.849653022744246
21,13,-0.508800428999402,0.0989274259790984,0.855181552560142
21,14,-0.503997192420573,0.0587576143782353,0.861704341862543
21,15,-0.496984334237637,0.000608454335296785,0.86775929917558
21,16,-0.50723607144029,-0.0510362568961202,0.860294640406329
21,17,-0.513976985903548,-0.10287268119494,0.851613098434535
21,18,-0.513861869219874,-0.151413925043166,0.844404999194628
21,19,-0.507869066216831,-0.199859943788466,0.837929003226953
21,20,-0.497315175972586,-0.247196586670587,0.831607758072138
21,21,-0.495450809427145,-0.299101908638466,0.815516121046552
21,22,-0.499293363538645,-0.351620610189188,0.79187693716666
21,23,-0.50110006063153,-0.403714753836146,0.765449623927072
21,24,-0.510358038036483,-0.449697334669771,0.73301226470125
21,25,-0.516289014370752,-0.496167470527441,0.698042616772414
21,26,-0.51812801874334,-0.542493754644798,0.66124419268867
21,27,-0.515551457495729,-0.5881932161406,0.623085415621492
21,28,-0.507177261555144,-0.632630147886584,0.58527798638461
21,29,-0.492212763730002,-0.67306202259781,0.552009156588745
21,30,-0.482643685222511,-0.716125022140738,0.504202365899607
21,31,-0.474283945655932,-0.760770498232444,0.443038359413945
22,0,-0.489565731451233,0.714675216330655,0.499564540126049
22,1,-0.509686368224798,0.669895450425959,0.539870254361561
22,2,-0.525435314249603,0.623463477317969,0.578974112538727
22,3,-0.541930391747491,0.579808051927987,0.608386450720169
22,4,-0.558168281327577,0.535725605973234,0.633597857338888
22,5,-0.571100233111337,0.489316652338025,0.659100703599143
22,6,-0.576151997924588,0.443854964954869,0.686324737549519
22,7,-0.576787529106624,0.396284255679069,0.714335309898623
22,8,-0.572145813467439,0.34902948046669,0.742177599969734
22,9,-0.564023013655267,0.302546058488757,0.768338416688993
22,10,-0.554724813477992,0.253661449967215,0.792424286674971
22,11,-0.559203128444759,0.197372015164697,0.805193236911129
22,12,-0.569366636912937,0.142537558956683,0.809632433303608
22,13,-0.571515953370589,0.0990554976177474,0.81459040224803
22,14,-0.568590443161789,0.0558571933946006,0.820722170951388
22,15,-0.55349554316422,0.00459930539489821,0.832839438359658
22,16,-0.568944004461861,-0.0457049206586443,0.821105218601422
22,17,-0.576294095791351,-0.0988174190777539,0.811246098815175
22,18,-0.575778700412271,-0.15360650132955,0.803046655494468
22,19,-0.568866202136842,-0.208487661092561,0.795565295396021
22,20,-0.560711594910554,-0.251540846169796,0.788878767644969
22,21,-0.550487915644236,-0.293892543505671,0.781402730735843
22,22,-0.547704189636473,-0.3441117852514,0.7626317590461
22,23,-0.561780657655789,-0.393102409521009,0.727923751716212
22,24,-0.575283713602239,-0.439147147212333,0.690071323820435
22,25,-0.581717131294526,-0.485340594314351,0.652724816955093
22,26,-0.57833542289207,-0.531877837739891,0.618574251282244
22,27,-0.570385433036181,-0.576573281129747,0.584998896808709
22,28,-0.558635248438661,-0.618848808312693,0.552225326883723
22,29,-0.543887483548587,-0.658264880255932,0.520455332051492
22,30,-0.530216737615498,-0.69681550159789,0.483030400580812
22,31,-0.523894930529628,-0.740420849500445,0.421083207205413
23,0,-0.541227425558043,0.69919029469829,0.467125042813518
23,1,-0.560350777803873,0.653931213304242,0.508311886621823
23,2,-0.574899046041233,0.607276360665377,0.548367129428721
23,3,-0.592434311885792,0.565645679596023,0.573643226452436
23,4,-0.608455733847374,0.522331053535778,0.597454509113839
23,5,-0.621379777359757,0.476792292472895,0.621736505383736
23,6,-0.630573740921573,0.429591817857596,0.646395875056438
23,7,-0.6354787940423,0.381419979168636,0.671331141698001
23,8,-0.63564949395082,0.333064022849529,0.696432392643647
23,9,-0.630783720968599,0.285364202988681,0.721581020408411
23,10,-0.620738036907066,0.239162691320475,0.746649513906699
23,11,-0.620513395660972,0.192229208222106,0.76027038434467
23,12,-0.62867851734788,0.145121775024229,0.764004576058998
23,13,-0.63316745399262,0.0974450809459489,0.767856387226115
23,14,-0.633749108948796,0.0500080832132573,0.771920500129348
23,15,-0.629487701999777,0.0024761486847188,0.777006500435312
23,16,-0.637100502601209,-0.0494581991070808,0.76919232713696
23,17,-0.641851085566566,-0.0957198288023009,0.760831714856235
23,18,-0.642586206839163,-0.143418103306583,0.752671385415972
23,19,-0.63942002282808,-0.191790074679119,0.744552618463675
23,20,-0.63252756483302,-0.240073109902109,0.736392410083333
23,21,-0.622240052675709,-0.287571931867563,0.728093195166724
23,22,-0.613288451458334,-0.333718327711741,0.715897585592463
23,23,-0.625644186355854,-0.379572397046329,0.681538074856882
23,24,-0.632129854312898,-0.425951418613531,0.647284509522261
23,25,-0.633138338314641,-0.472084617144247,0.613410106545323
23,26,-0.629196387428712,-0.517228118699719,0.580161166636485
23,27,-0.620940406957919,-0.560708403370254,0.547758247219441
23,28,-0.609081909607611,-0.601957485200903,0.51639753426924
23,29,-0.594367443122607,-0.640535701652953,0.486252359854278
23,30,-0.577538531099746,-0.676140544723336,0.457474817751074
23,31,-0.571269624011642,-0.71731929490772,0.398878485048628
